"repeatClass","width","perc"
"DNA",1259882,0.876585991726118
"LINE",5067362,3.52570998252633
"LTR",12252048,8.52458694286925
"multiclass",2724634.00000001,1.89571404066469
"nonrepeat",117680930,81.8786638203434
"RC",314028,0.218490736283056
"rRNA",57003,0.0396608819606629
"Satellite",44526,0.0309797805410325
"Simple",10663,0.00741897767392152
"tandem_repeat",3480056,2.42131274200475
"tRNA",7727,0.0053762018649903
"Unknown",827143,0.575499901541824
