"repeatClass","width","perc"
"DNA",2370003,1.06116321196988
"LINE",8259814,3.69831209264873
"LTR",17620400,7.88949223279212
"multiclass",7415076,3.32008266030074
"nonrepeat",168438114,75.4177653236677
"RC",3615623,1.61888660729635
"rRNA",135015,0.0604526454456442
"Satellite",43504,0.0194788126316876
"Simple",17770,0.00795647527733286
"tandem_repeat",8087837,3.62130979952718
"tRNA",11530,0.00516253010397568
"Unknown",7325416,3.27993760833869
