"repeatClass","width","perc"
"DNA",2829508,1.22373377171207
"LINE",8383159,3.62563201161896
"LTR",17352094,7.50460625583045
"multiclass",9076870,3.92565504689865
"nonrepeat",156926435,67.8691059307407
"RC",2594069,1.12190877051818
"rRNA",32378,0.0140031595812746
"Satellite",38489,0.0166461056619828
"Simple",16775,0.00725501890097851
"snRNA",3130,0.00135369354158347
"tandem_repeat",27752424,12.0026444511457
"tRNA",3423,0.00148041309675407
"Unknown",6210492,2.68597537075266
