"repeatClass","width","perc"
"DNA",2356134,1.06728410040023
"LINE",8228730.00000001,3.72745892019995
"LTR",17526416,7.93913467307044
"multiclass",7308777,3.31073762590365
"nonrepeat",166373274,75.3639436771129
"RC",3520046,1.59451420355439
"rRNA",135015,0.0611592391670155
"Satellite",42759,0.0193690175724358
"Simple",17616,0.00797971452924597
"tandem_repeat",8007754,3.62736097527404
"tRNA",11530,0.00522287173718245
"Unknown",7231726,3.27583498147853
